Sampler,Base Models Training Time (seconds),Meta Model Training Time (seconds),Total Training Time (seconds)
TPE,85.57969903945923,187.73406410217285,273.3137631416321
GP,256.32170391082764,153.69617462158203,410.01787853240967
CMA-ES,85.31165909767151,140.96581029891968,226.2774693965912
QMC,83.02041721343994,179.8220932483673,262.84251046180725
