Sampler,Base Models Training Time (seconds),Meta Model Training Time (seconds),Total Training Time (seconds)
TPE,93.05132126808167,161.48486423492432,254.53618550300598
GP,256.6979854106903,132.53666234016418,389.2346477508545
CMA-ES,90.71757769584656,131.4790551662445,222.19663286209106
QMC,87.80674505233765,150.15196561813354,237.9587106704712
