Sampler,Base Models Training Time (seconds),Meta Model Training Time (seconds),Total Training Time (seconds)
TPE,47.76381301879883,102.65784621238708,150.4216592311859
GP,154.41702604293823,79.1123743057251,233.52940034866333
CMA-ES,49.518510580062866,69.1059923171997,118.62450289726257
QMC,45.283745765686035,64.9375102519989,110.22125601768494
