Sampler,Base Models Training Time (seconds),Meta Model Training Time (seconds),Total Training Time (seconds)
TPE,79.41784954071045,204.34439635276794,283.7622458934784
GP,245.86797451972961,180.60004878044128,426.4680233001709
CMA-ES,51.05262041091919,92.66497945785522,143.7175998687744
QMC,50.2195188999176,116.23049545288086,166.45001435279846
