Sampler,Base Models Training Time (seconds),Meta Model Training Time (seconds),Total Training Time (seconds)
TPE,37.79658651351929,56.894997358322144,94.69158387184143
GP,106.26014804840088,62.810938119888306,169.07108616828918
CMA-ES,36.03485679626465,59.24770450592041,95.28256130218506
QMC,33.537694454193115,43.59032702445984,77.12802147865295
